<?xml version="1.0" encoding="utf-8"?>
<!DOCTYPE games[
<!ELEMENT games (game)*>
<!ELEMENT game (home-team,ex-team,scores,yellows,reds)>
<!ELEMENT home-team (#PCDATA)>
<!ELEMENT ex-team (#PCDATA)>
<!ELEMENT scores (score)*>
<!ELEMENT yellows (player)*>
<!ELEMENT reds (player)*>
<!ELEMENT score (player)*>
<!ELEMENT player (#PCDATA)>
<!ATTLIST game score CDATA #REQUIRED>
<!ATTLIST score time CDATA #REQUIRED>
<!ATTLIST score type (field|penalty)#IMPLIED>

]>

<games>
      <game score="1-0">
          <home-team>RealMadrid</home-team>
          <ex-team>Barça</ex-team>
          <scores>
              <score time="14">
                  <player>Iniesta</player>
              </score>
              <score time="88" type="penalty">
                  <player>Villa</player>
              </score>
          </scores>
          <yellows>
              <player>Martinez</player>
              <player>Diaz</player>
          </yellows>
          <reds>
              <player>Lopez</player>
          </reds>
      </game>
</games>
