<?xml version="1.0"?>
<!DOCTYPE stock[
<!ELEMENT stock (new-car|used-car)*>
<!ELEMENT new-car (model,price,mileage,condition?)>
<!ELEMENT model (#PCDATA)>
<!ELEMENT price (#PCDATA)>
<!ELEMENT mileage (#PCDATA)>
<!ELEMENT condition (#PCDATA)>
]>

<stock>
   <new-car>
     <model>Seat Ibiza</model>
     <price>11000</price>
   </new-car>
   <use-car>
     <model>Seat Cordoba</model>
     <price>5000</price>
     <mileage>3000</mileage>
     <condition>Good</condition>
   </used-car>
   <used-car>
     <model>Renault Clio</model>
     <price>4100</price>
     <mileage>1000</mileage>
   </used-car>
</stock>
